,volatile acidity,total sulfur dioxide,fixed acidity,pH,quality
0,0.7,34.0,7.4,3.51,5
1,0.88,67.0,7.8,3.2,5
2,0.76,54.0,7.8,3.26,5
3,0.28,60.0,11.2,3.16,6
4,0.7,34.0,7.4,3.51,5
5,0.66,40.0,7.4,3.51,5
6,0.6,59.0,7.9,3.3,5
7,0.65,21.0,7.3,3.39,7
8,0.58,18.0,7.8,3.36,7
9,0.5,102.0,7.5,3.35,5
10,0.58,65.0,6.7,3.28,5
11,0.5,102.0,7.5,3.35,5
12,0.615,59.0,5.6,3.58,5
13,0.61,29.0,7.8,3.26,5
14,0.62,145.0,8.9,3.16,5
15,0.62,148.0,8.9,3.17,5
16,0.28,103.0,8.5,3.3,7
17,0.56,56.0,8.1,3.11,5
18,0.59,29.0,7.4,3.38,4
19,0.32,56.0,7.9,3.04,6
20,0.22,60.0,8.9,3.39,6
21,0.39,71.0,7.6,3.52,5
22,0.43,37.0,7.9,3.17,5
23,0.49,67.0,8.5,3.17,5
24,0.4,40.0,6.9,3.43,6
25,0.39,23.0,6.3,3.34,5
26,0.41,11.0,7.6,3.28,5
27,0.43,37.0,7.9,3.17,5
28,0.71,35.0,7.1,3.47,5
29,0.645,16.0,7.8,3.38,6
30,0.675,82.0,6.7,3.35,5
31,0.685,37.0,6.9,3.46,6
32,0.655,113.0,8.3,3.17,5
33,0.605,83.0,6.9,3.45,6
34,0.32,50.0,5.2,3.38,5
35,0.645,18.0,7.8,3.4,6
36,0.6,15.0,7.8,3.42,6
37,0.38,30.0,8.1,3.23,7
38,1.13,19.0,5.7,3.5,4
39,0.45,87.0,7.3,3.33,5
40,0.45,87.0,7.3,3.33,5
41,0.61,46.0,8.8,3.26,4
42,0.49,14.0,7.5,3.21,6
43,0.66,23.0,8.1,3.3,5
44,0.67,11.0,6.8,3.48,5
45,0.52,65.0,4.6,3.9,4
46,0.935,114.0,7.7,3.25,5
47,0.29,37.0,8.7,3.25,5
48,0.4,12.0,6.4,3.34,5
49,0.31,96.0,5.6,3.32,5
50,0.66,23.0,8.8,3.15,5
51,0.52,15.0,6.6,3.4,6
52,0.5,14.0,6.6,3.39,6
53,0.38,119.0,8.6,3.2,5
54,0.51,73.0,7.6,3.17,6
55,0.62,45.0,7.7,3.34,5
56,0.42,10.0,10.2,3.04,5
57,0.63,110.0,7.5,3.26,5
58,0.59,54.0,7.8,3.43,5
59,0.39,46.0,7.3,3.41,6
60,0.4,52.0,8.8,3.44,5
61,0.69,112.0,7.7,3.21,5
62,0.52,35.0,7.5,3.38,7
63,0.735,54.0,7.0,3.39,5
64,0.725,11.0,7.2,3.41,5
65,0.725,11.0,7.2,3.41,5
66,0.52,39.0,7.5,3.42,5
67,0.705,15.0,6.6,3.44,5
68,0.32,65.0,9.3,3.28,5
69,0.705,19.0,8.0,3.34,6
70,0.63,27.0,7.7,3.32,6
71,0.67,96.0,7.7,3.32,5
72,0.69,94.0,7.7,3.31,5
73,0.675,43.0,8.3,3.31,4
74,0.32,83.0,9.7,3.28,5
75,0.41,42.0,8.8,3.54,5
76,0.41,42.0,8.8,3.54,5
77,0.785,30.0,6.8,3.52,6
78,0.75,80.0,6.7,3.38,5
79,0.625,119.0,8.3,3.16,4
80,0.45,15.0,6.2,3.41,5
81,0.43,67.0,7.8,3.13,5
82,0.5,73.0,7.4,3.36,5
83,0.67,51.0,7.3,3.16,5
84,0.3,61.0,6.3,3.44,6
85,0.55,40.0,6.9,3.41,5
86,0.49,136.0,8.6,2.93,6
87,0.49,31.0,7.7,3.39,5
88,0.39,125.0,9.3,3.14,5
89,0.62,24.0,7.0,3.48,5
90,0.52,140.0,7.9,3.23,5
91,0.49,136.0,8.6,2.93,6
92,0.49,133.0,8.6,2.93,5
93,0.49,31.0,7.7,3.39,5
94,1.02,85.0,5.0,3.75,4
95,0.6,106.0,4.7,3.85,6
96,0.775,23.0,6.8,3.45,5
97,0.5,22.0,7.0,3.25,5
98,0.9,10.0,7.6,3.39,5
99,0.545,35.0,8.1,3.3,6
100,0.61,50.0,8.3,3.4,6
101,0.5,22.0,7.8,3.31,6
102,0.545,35.0,8.1,3.3,6
103,0.575,65.0,8.1,3.29,5
104,0.49,36.0,7.2,3.33,5
105,0.575,65.0,8.1,3.29,5
106,0.41,69.0,7.8,3.08,5
107,0.63,64.0,6.2,3.46,5
108,0.33,80.0,8.0,3.37,6
109,0.785,153.0,8.1,3.21,5
110,0.56,47.0,7.8,3.19,5
111,0.62,108.0,8.4,3.15,5
112,0.6,111.0,8.4,3.15,5
113,0.31,46.0,10.1,3.32,6
114,0.56,47.0,7.8,3.19,5
115,0.4,62.0,9.4,3.07,6
116,0.54,40.0,8.3,3.39,6
117,0.56,28.0,7.8,3.37,6
118,0.55,56.0,8.8,3.21,6
119,0.69,89.0,7.0,3.34,6
120,1.07,89.0,7.3,3.3,5
121,0.55,56.0,8.8,3.21,6
122,0.695,13.0,7.3,3.49,5
123,0.71,34.0,8.0,3.44,5
124,0.5,102.0,7.8,3.39,5
125,0.62,90.0,9.0,3.16,5
126,1.33,12.0,8.2,3.53,5
127,1.33,12.0,8.1,3.54,5
128,0.59,16.0,8.0,3.42,7
129,0.38,19.0,6.1,3.42,5
130,0.745,134.0,8.0,3.24,5
131,0.5,99.0,5.6,3.63,5
132,0.5,99.0,5.6,3.63,5
133,0.5,26.0,6.6,3.4,6
134,1.04,29.0,7.9,3.22,6
135,0.745,63.0,8.4,3.19,5
136,0.715,52.0,8.3,3.23,5
137,0.415,45.0,7.2,3.48,5
138,0.56,105.0,7.8,3.33,5
139,0.56,108.0,7.8,3.32,5
140,0.745,63.0,8.4,3.19,5
141,0.715,52.0,8.3,3.23,5
142,0.34,63.0,5.2,3.68,6
143,0.39,20.0,6.3,3.34,5
144,0.34,63.0,5.2,3.68,6
145,0.67,141.0,8.1,3.17,5
146,0.68,94.0,5.8,3.54,5
147,0.49,88.0,7.6,3.11,5
148,0.49,30.0,6.9,3.42,6
149,0.4,43.0,8.2,3.53,6
150,0.33,11.0,7.3,3.33,6
151,0.52,69.0,9.2,2.74,4
152,0.6,99.0,7.5,3.35,5
153,0.6,99.0,7.5,3.35,5
154,0.43,129.0,7.1,3.42,5
155,0.43,128.0,7.1,3.42,5
156,0.43,129.0,7.1,3.42,5
157,0.43,128.0,7.1,3.42,5
158,0.68,22.0,7.1,3.48,5
159,0.6,86.0,6.8,3.59,6
160,0.95,20.0,7.6,3.2,5
161,0.68,20.0,7.6,3.17,4
162,0.53,31.0,7.8,3.33,6
163,0.6,121.0,7.4,3.37,5
164,0.59,121.0,7.3,3.37,5
165,0.63,96.0,7.8,3.19,5
166,0.64,101.0,6.8,3.34,5
167,0.55,42.0,7.3,3.37,4
168,0.63,44.0,6.8,3.47,6
169,0.705,63.0,7.5,3.0,5
170,0.885,8.0,7.9,3.36,4
171,0.42,18.0,8.0,3.29,6
172,0.42,18.0,8.0,3.29,6
173,0.62,42.0,7.4,3.42,6
174,0.38,35.0,7.3,3.33,5
175,0.5,49.0,6.9,3.35,5
176,0.38,35.0,7.3,3.33,5
177,0.52,38.0,7.5,3.58,6
178,0.805,20.0,7.0,3.48,5
179,0.61,42.0,8.8,3.19,5
180,0.61,42.0,8.8,3.19,5
181,0.61,110.0,8.9,3.12,5
182,0.73,42.0,7.2,3.44,5
183,0.61,65.0,6.8,3.54,5
184,0.62,62.0,6.7,3.52,6
185,0.31,85.0,8.9,3.26,5
186,0.39,67.0,7.4,3.34,5
187,0.705,26.0,7.7,3.39,5
188,0.5,143.0,7.9,3.2,5
189,0.49,144.0,7.9,3.2,5
190,0.5,127.0,8.2,3.23,5
191,0.37,49.0,6.4,3.57,6
192,0.63,126.0,6.8,3.28,5
193,0.55,28.0,7.6,3.28,5
194,0.55,28.0,7.6,3.28,5
195,0.59,120.0,7.8,3.25,5
196,0.58,55.0,7.3,3.46,5
197,0.3,27.0,11.5,3.11,6
198,0.835,93.0,5.4,3.57,7
199,1.09,31.0,6.9,3.51,4
200,0.32,24.0,9.6,3.22,7
201,0.37,145.0,8.8,3.04,5
202,0.5,49.0,6.8,3.36,5
203,0.42,39.0,7.0,3.34,5
204,0.43,37.0,7.0,3.34,6
205,0.3,28.0,12.8,3.2,7
206,0.3,28.0,12.8,3.2,7
207,0.57,120.0,7.8,3.29,5
208,0.44,95.0,7.8,3.22,5
209,0.3,19.0,11.0,3.31,7
210,0.53,19.0,9.7,3.3,6
211,0.725,62.0,8.0,3.35,6
212,0.44,15.0,11.6,3.21,6
213,0.57,65.0,8.2,3.3,5
214,0.735,41.0,7.8,3.24,6
215,0.49,121.0,7.0,3.34,5
216,0.625,49.0,8.7,3.14,5
217,0.725,41.0,8.1,3.36,5
218,0.49,44.0,7.5,3.39,5
219,0.53,144.0,7.8,3.3,5
220,0.34,58.0,7.8,3.34,6
221,0.53,72.0,7.4,3.15,5
222,0.61,10.0,6.8,3.42,5
223,0.645,28.0,8.6,3.28,6
224,0.635,55.0,8.4,3.31,4
225,0.43,63.0,7.7,3.37,6
226,0.59,81.0,8.9,3.04,6
227,0.82,23.0,9.0,3.39,5
228,0.43,63.0,7.7,3.37,6
229,0.52,37.0,6.9,3.46,5
230,0.48,106.0,5.2,3.54,7
231,0.38,49.0,8.0,3.37,6
232,0.37,58.0,8.5,3.34,6
233,0.52,37.0,6.9,3.46,5
234,1.0,37.0,8.2,3.32,6
235,0.63,38.0,7.2,3.37,6
236,0.63,38.0,7.2,3.37,6
237,0.645,39.0,7.2,3.37,6
238,0.63,38.0,7.2,3.37,6
239,1.0,37.0,8.2,3.32,6
240,0.635,62.0,8.9,3.0,5
241,0.38,24.0,12.0,3.14,6
242,0.58,109.0,7.7,3.08,6
243,0.21,24.0,15.0,3.07,7
244,0.21,24.0,15.0,3.07,7
245,0.66,23.0,7.3,3.61,6
246,0.68,51.0,7.1,3.38,5
247,0.6,73.0,8.2,3.2,5
248,0.53,39.0,7.7,3.35,6
249,0.66,23.0,7.3,3.61,6
250,0.32,37.0,10.8,3.22,6
251,0.6,34.0,7.1,3.47,6
252,0.35,21.0,11.1,3.17,5
253,0.775,86.0,7.7,3.23,5
254,0.6,34.0,7.1,3.47,6
255,0.57,119.0,8.0,3.26,5
256,0.34,13.0,9.4,3.22,5
257,0.695,56.0,6.6,3.49,5
258,0.41,45.0,7.7,3.06,5
259,0.31,33.0,10.0,3.36,7
260,0.33,45.0,7.9,3.29,5
261,0.975,67.0,7.0,3.35,4
262,0.52,35.0,8.0,3.34,5
263,0.37,49.0,7.9,3.28,5
264,0.56,27.0,12.5,3.08,5
265,0.26,10.0,11.8,3.2,7
266,0.87,61.0,8.1,3.6,4
267,0.35,37.0,7.9,3.35,8
268,0.54,27.0,6.9,3.69,6
269,0.18,23.0,11.5,3.28,6
270,0.545,61.0,7.9,3.36,6
271,0.18,23.0,11.5,3.28,6
272,0.37,65.0,10.9,3.22,5
273,0.715,38.0,8.4,3.31,5
274,0.65,94.0,7.5,3.38,5
275,0.545,61.0,7.9,3.36,6
276,0.54,27.0,6.9,3.69,6
277,0.18,23.0,11.5,3.28,6
278,0.32,13.0,10.3,3.23,8
279,0.4,47.0,8.9,3.38,7
280,0.26,19.0,11.4,3.12,6
281,0.27,10.0,7.7,3.25,7
282,0.52,53.0,7.6,3.36,5
283,0.4,47.0,8.9,3.38,7
284,0.59,71.0,9.9,3.31,5
285,0.59,71.0,9.9,3.31,5
286,0.45,49.0,12.0,3.1,6
287,0.4,53.0,7.5,3.37,6
288,0.52,49.0,8.7,3.34,7
289,0.42,98.0,11.6,3.2,5
290,0.52,49.0,8.7,3.34,7
291,0.2,18.0,11.0,3.3,5
292,0.55,48.0,10.4,3.22,6
293,0.36,16.0,6.9,3.41,6
294,0.34,53.0,13.3,3.05,6
295,0.5,27.0,10.8,3.05,5
296,0.83,70.0,10.6,3.16,5
297,0.63,29.0,7.1,3.67,5
298,0.65,31.0,7.2,3.67,5
299,0.67,33.0,6.9,3.68,5
300,0.53,44.0,7.5,3.38,6
301,0.18,15.0,11.1,3.22,6
302,0.705,28.0,8.3,3.51,5
303,0.67,21.0,7.4,3.39,5
304,0.65,90.0,8.4,3.2,5
305,0.53,25.0,10.3,3.12,6
306,0.62,54.0,7.6,3.36,5
307,0.41,14.0,10.3,3.19,6
308,0.43,12.0,10.3,3.19,6
309,0.29,30.0,7.4,3.41,6
310,0.53,25.0,10.3,3.12,6
311,0.53,105.0,7.9,3.27,6
312,0.46,98.0,9.0,3.32,6
313,0.47,135.0,8.6,3.3,5
314,0.36,72.0,7.4,3.39,5
315,0.35,53.0,7.1,3.42,6
316,0.56,92.0,9.6,3.3,5
317,0.77,74.0,9.6,3.3,6
318,0.66,59.0,9.8,3.37,7
319,0.77,74.0,9.6,3.3,6
320,0.66,59.0,9.8,3.37,7
321,0.61,87.0,9.3,3.24,5
322,0.62,18.0,7.8,3.29,5
323,0.59,73.0,10.3,3.28,6
324,0.49,50.0,10.0,3.16,6
325,0.49,50.0,10.0,3.16,6
326,0.53,14.0,11.6,3.05,7
327,0.44,13.0,10.3,3.28,5
328,0.27,21.0,13.4,3.16,6
329,0.46,15.0,10.7,3.18,5
330,0.36,41.0,10.2,3.23,6
331,0.36,41.0,10.2,3.23,6
332,0.58,114.0,8.0,3.22,6
333,0.56,44.0,8.4,3.13,5
334,0.65,38.0,7.9,3.34,7
335,0.695,21.0,11.9,3.17,7
336,0.43,16.0,8.9,3.35,6
337,0.43,58.0,7.8,3.31,5
338,0.49,99.0,12.4,3.16,6
339,0.28,29.0,12.5,3.11,7
340,0.34,21.0,12.2,3.12,6
341,0.42,18.0,10.6,3.21,6
342,0.39,14.0,10.9,3.3,6
343,0.39,14.0,10.9,3.3,6
344,0.57,32.0,11.9,3.12,6
345,0.685,63.0,7.0,3.6,5
346,0.815,34.0,6.6,3.58,7
347,0.49,15.0,13.8,3.02,6
348,0.56,46.0,9.6,3.11,6
349,0.785,28.0,9.1,3.36,6
350,0.67,34.0,10.7,3.28,6
351,0.795,26.0,9.1,3.35,6
352,0.665,19.0,7.7,3.27,5
353,0.53,77.0,13.5,3.18,5
354,0.21,165.0,6.1,3.25,6
355,0.75,32.0,6.7,3.55,6
356,0.41,55.0,11.5,3.26,5
357,0.42,29.0,10.5,3.24,7
358,0.43,23.0,11.9,3.15,7
359,0.38,41.0,12.6,3.17,6
360,0.7,81.0,8.2,3.19,5
361,0.45,50.0,8.6,3.37,6
362,0.58,37.0,11.9,3.05,5
363,0.46,15.0,12.5,2.99,5
364,0.615,42.0,12.8,3.07,7
365,0.42,21.0,10.0,3.26,6
366,0.615,42.0,12.8,3.07,7
367,0.575,24.0,10.4,3.16,5
368,0.34,75.0,10.3,3.18,5
369,0.27,18.0,9.4,3.2,7
370,0.765,63.0,6.9,3.57,5
371,0.24,25.0,7.9,3.32,6
372,0.28,46.0,9.1,3.32,6
373,0.55,72.0,7.4,3.05,5
374,0.41,47.0,14.0,3.01,6
375,0.54,15.0,11.5,3.01,7
376,0.45,47.0,11.5,3.26,6
377,0.27,18.0,9.4,3.2,7
378,0.625,24.0,11.4,3.11,6
379,0.42,60.0,8.3,3.31,6
380,0.26,27.0,8.3,3.21,6
381,0.415,43.0,13.7,3.06,6
382,0.26,27.0,8.3,3.21,6
383,0.26,27.0,8.3,3.21,6
384,0.51,54.0,7.7,3.42,5
385,0.63,37.0,7.4,3.43,6
386,0.54,48.0,7.8,3.41,6
387,0.66,42.0,8.3,3.31,6
388,0.46,53.0,7.8,3.43,6
389,0.38,49.0,9.6,3.19,7
390,0.85,88.0,5.6,3.56,8
391,0.415,43.0,13.7,3.06,6
392,0.37,26.0,9.5,3.18,5
393,0.665,95.0,8.4,3.16,5
394,0.6,25.0,12.7,3.03,5
395,0.37,38.0,12.0,3.22,7
396,0.735,124.0,6.6,3.47,5
397,0.59,49.0,11.5,3.18,6
398,0.59,49.0,11.5,3.18,6
399,0.765,42.0,8.7,3.1,5
400,0.735,124.0,6.6,3.47,5
401,0.26,38.0,7.7,3.29,6
402,0.48,64.0,12.2,3.1,6
403,0.6,41.0,11.4,3.15,6
404,0.69,27.0,7.7,3.26,5
405,0.31,25.0,8.7,3.36,6
406,0.44,28.0,9.8,3.24,6
407,0.39,30.0,12.0,3.18,7
408,0.34,16.0,10.4,3.19,6
409,0.46,49.0,12.5,3.05,4
410,0.43,86.0,9.0,3.38,6
411,0.45,78.0,9.1,3.38,5
412,0.735,77.0,7.1,3.27,5
413,0.4,19.0,9.9,3.27,7
414,0.52,122.0,8.8,3.26,5
415,0.725,134.0,8.6,3.32,5
416,0.48,20.0,10.6,3.26,6
417,0.58,124.0,7.0,3.44,5
418,0.38,20.0,11.9,3.24,6
419,0.77,52.0,6.8,3.62,5
420,0.56,67.0,9.5,3.28,7
421,0.84,48.0,6.6,3.52,7
422,0.96,60.0,7.7,3.36,5
423,0.24,24.0,10.5,3.15,7
424,0.96,60.0,7.7,3.36,5
425,0.84,48.0,6.6,3.52,7
426,0.67,48.0,6.4,3.49,6
427,0.78,32.0,9.5,3.26,6
428,0.52,30.0,9.1,3.24,5
429,0.84,35.0,12.8,3.1,6
430,0.24,24.0,10.5,3.15,7
431,0.55,66.0,7.8,3.25,5
432,0.37,24.0,11.9,3.0,6
433,0.39,18.0,12.3,3.16,5
434,0.41,54.0,10.4,3.15,6
435,0.39,18.0,12.3,3.16,5
436,0.67,62.0,8.0,3.26,6
437,0.45,22.0,11.1,3.17,6
438,0.41,54.0,10.4,3.15,6
439,0.62,50.0,7.0,3.08,5
440,0.31,29.0,12.6,2.88,8
441,0.4,27.0,11.9,3.06,6
442,0.685,43.0,15.6,2.95,7
443,0.44,19.0,10.0,3.23,7
444,0.57,27.0,5.3,3.57,7
445,0.735,31.0,9.5,3.23,6
446,0.38,72.0,12.5,3.1,5
447,0.48,16.0,9.3,3.22,5
448,0.53,27.0,8.6,3.2,6
449,0.39,35.0,11.9,3.1,6
450,0.39,35.0,11.9,3.1,6
451,0.37,26.0,8.4,3.06,6
452,0.56,35.0,6.8,3.44,6
453,0.33,22.0,10.4,3.26,7
454,0.23,67.0,7.0,3.5,5
455,0.62,19.0,11.3,3.22,8
456,0.59,22.0,8.9,3.37,5
457,0.63,65.0,9.2,3.28,5
458,0.33,22.0,10.4,3.26,7
459,0.58,47.0,11.6,3.25,3
460,0.43,23.0,9.2,3.35,6
461,0.615,19.0,8.3,3.26,5
462,0.26,25.0,11.0,3.18,5
463,0.66,129.0,8.1,3.08,5
464,0.315,15.0,11.5,2.98,6
465,0.29,26.0,10.0,3.48,5
466,0.5,51.0,10.3,3.16,6
467,0.46,18.0,8.8,3.32,6
468,0.36,21.0,11.4,3.17,6
469,0.82,48.0,8.7,3.2,5
470,0.32,47.0,13.0,3.05,5
471,0.54,52.0,9.6,3.2,6
472,0.37,68.0,12.5,3.15,6
473,0.35,14.0,9.9,3.26,5
474,0.28,24.0,10.5,3.2,6
475,0.68,28.0,9.6,3.14,5
476,0.27,16.0,9.3,3.28,5
477,0.24,20.0,10.4,3.18,6
478,0.68,28.0,9.6,3.14,5
479,0.685,31.0,9.4,3.19,6
480,0.28,23.0,10.6,3.12,5
481,0.3,17.0,9.4,3.15,8
482,0.36,18.0,10.6,3.04,5
483,0.36,18.0,10.6,3.04,5
484,0.44,24.0,10.6,3.06,6
485,0.67,17.0,10.2,3.17,5
486,0.67,17.0,10.2,3.17,5
487,0.645,14.0,10.2,3.17,6
488,0.32,67.0,11.6,3.32,7
489,0.39,26.0,9.3,3.34,6
490,0.775,56.0,9.3,3.31,6
491,0.41,25.0,9.2,3.34,7
492,0.4,27.0,8.9,3.32,7
493,0.69,81.0,8.7,3.48,6
494,0.39,91.0,6.5,3.44,6
495,0.35,16.0,10.7,3.15,8
496,0.52,38.0,7.8,3.43,6
497,0.34,113.0,7.2,3.32,5
498,0.35,16.0,10.7,3.15,8
499,0.69,81.0,8.7,3.48,6
500,0.52,38.0,7.8,3.43,6
501,0.44,76.0,10.4,3.17,7
502,0.44,76.0,10.4,3.17,7
503,0.26,24.0,10.5,3.18,7
504,0.24,22.0,10.5,3.21,7
505,0.49,26.0,10.2,3.16,7
506,0.24,21.0,10.4,3.25,7
507,0.67,13.0,11.2,3.17,6
508,0.59,62.0,10.0,3.18,6
509,0.29,43.0,13.3,3.04,7
510,0.42,43.0,12.4,3.02,5
511,0.59,62.0,10.0,3.18,6
512,0.4,49.0,10.7,3.03,6
513,0.51,15.0,10.5,3.09,7
514,0.51,15.0,10.5,3.09,7
515,0.655,151.0,8.5,3.31,5
516,0.6,14.0,12.5,3.25,6
517,0.61,16.0,10.4,3.16,3
518,0.21,32.0,10.9,3.22,6
519,0.365,106.0,7.3,3.36,5
520,0.25,33.0,9.8,3.42,6
521,0.41,43.0,7.6,3.48,5
522,0.39,133.0,8.2,3.38,5
523,0.4,142.0,9.3,3.22,5
524,0.43,116.0,9.2,3.23,5
525,0.64,53.0,10.4,3.24,5
526,0.365,106.0,7.3,3.36,5
527,0.38,85.0,7.0,3.39,6
528,0.42,55.0,8.2,3.34,6
529,0.63,33.0,9.9,3.09,5
530,0.22,28.0,9.1,3.41,6
531,0.38,42.0,11.9,3.16,5
532,0.38,42.0,11.9,3.16,5
533,0.27,33.0,10.3,3.22,6
534,0.48,32.0,10.0,3.28,6
535,0.22,28.0,9.1,3.41,6
536,0.63,33.0,9.9,3.09,5
537,0.825,13.0,8.1,3.37,6
538,0.35,35.0,12.9,3.2,7
539,0.5,17.0,11.2,3.22,5
540,0.59,47.0,9.2,3.26,5
541,0.46,17.0,9.5,3.21,6
542,0.715,20.0,9.3,3.12,5
543,0.66,53.0,11.2,3.06,6
544,0.31,15.0,14.3,2.86,6
545,0.47,106.0,9.1,3.08,5
546,0.55,28.0,7.5,3.45,6
547,0.31,21.0,10.6,3.26,6
548,0.35,69.0,12.4,3.12,6
549,0.53,25.0,9.0,3.27,6
550,0.51,25.0,6.8,3.33,6
551,0.43,45.0,9.4,3.19,6
552,0.46,44.0,9.5,3.12,6
553,1.04,96.0,5.0,3.74,5
554,0.645,23.0,15.5,2.92,5
555,0.645,23.0,15.5,2.92,5
556,0.53,17.0,10.9,3.07,6
557,0.645,23.0,15.6,2.92,5
558,0.53,17.0,10.9,3.07,6
559,0.47,47.0,13.0,3.3,6
560,0.6,19.0,12.7,3.14,5
561,0.44,121.0,9.0,3.23,5
562,0.54,110.0,9.0,3.08,5
563,0.29,60.0,7.6,3.31,6
564,0.47,47.0,13.0,3.3,6
565,0.6,19.0,12.7,3.14,5
566,0.7,15.0,8.7,3.32,6
567,0.7,15.0,8.7,3.32,6
568,0.5,20.0,9.8,3.31,6
569,0.36,42.0,6.2,3.57,6
570,0.35,37.0,11.5,3.32,6
571,0.36,42.0,6.2,3.57,6
572,0.24,28.0,10.2,3.14,5
573,0.59,47.0,10.5,3.3,4
574,0.34,78.0,10.6,3.19,6
575,0.27,46.0,12.3,3.2,6
576,0.5,14.0,9.9,3.34,4
577,0.44,111.0,8.8,3.3,5
578,0.47,110.0,8.8,3.29,5
579,0.31,40.0,10.6,3.14,6
580,0.5,14.0,12.3,3.19,5
581,0.5,14.0,12.3,3.19,5
582,0.49,15.0,11.7,3.19,5
583,0.28,21.0,12.0,2.98,7
584,0.33,80.0,11.8,3.3,7
585,0.51,38.0,7.6,3.47,6
586,0.31,47.0,11.1,3.12,7
587,0.73,102.0,7.3,3.26,5
588,0.42,50.0,5.0,3.72,8
589,0.29,13.0,10.2,3.05,7
590,0.45,75.0,9.0,3.35,5
591,0.39,149.0,6.6,3.12,6
592,0.45,75.0,9.0,3.35,5
593,0.49,43.0,9.9,3.29,5
594,0.72,38.0,7.9,3.4,5
595,0.595,109.0,8.9,3.27,5
596,0.4,24.0,12.4,3.04,6
597,0.58,18.0,11.9,3.09,6
598,0.585,30.0,8.5,3.2,6
599,0.59,22.0,12.7,3.0,6
600,0.915,23.0,8.2,3.26,4
601,0.46,35.0,13.2,3.1,6
602,0.835,14.0,7.7,3.3,5
603,0.46,35.0,13.2,3.1,6
604,0.58,63.0,8.3,3.17,6
605,0.6,24.0,8.3,3.31,6
606,0.41,20.0,9.4,3.34,7
607,0.48,52.0,8.8,3.31,6
608,0.65,65.0,10.1,3.32,6
609,0.36,39.0,6.3,3.56,6
610,0.24,57.0,8.8,3.39,5
611,0.38,16.0,13.2,2.98,5
612,0.64,29.0,7.5,3.32,6
613,0.39,29.0,8.2,3.26,5
614,0.755,103.0,9.2,2.87,6
615,0.6,71.0,9.6,3.5,5
616,0.6,71.0,9.6,3.5,5
617,0.31,28.0,11.5,3.03,6
618,0.46,17.0,11.4,3.13,5
619,0.37,16.0,11.3,3.09,5
620,0.54,112.0,8.3,3.27,5
621,0.56,104.0,8.2,3.28,5
622,0.58,32.0,10.0,3.13,5
623,0.51,45.0,7.9,3.49,6
624,0.69,58.0,6.8,3.46,5
625,0.69,58.0,6.8,3.46,5
626,0.6,15.0,8.8,3.36,5
627,0.6,15.0,8.8,3.36,5
628,0.54,31.0,8.7,3.27,6
629,0.685,84.0,7.6,3.21,5
630,0.54,31.0,8.7,3.27,6
631,0.28,19.0,10.4,3.25,5
632,0.41,43.0,7.6,3.32,6
633,0.935,86.0,10.1,3.43,4
634,0.35,102.0,7.9,3.27,5
635,0.84,33.0,8.7,3.27,5
636,0.88,147.0,9.6,3.24,5
637,0.885,145.0,9.5,3.24,5
638,0.915,23.0,7.7,3.35,7
639,0.29,57.0,8.9,3.18,6
640,0.54,40.0,9.9,3.39,5
641,0.59,68.0,9.5,3.46,5
642,0.54,40.0,9.9,3.39,5
643,0.59,68.0,9.5,3.46,5
644,0.54,40.0,9.9,3.39,5
645,0.64,11.0,7.8,3.37,7
646,0.67,20.0,7.3,3.4,5
647,0.845,14.0,8.3,3.32,4
648,0.48,28.0,8.7,3.33,7
649,0.42,148.0,6.7,3.16,6
650,0.43,32.0,10.7,2.89,5
651,0.88,155.0,9.8,3.41,5
652,0.36,71.0,15.9,2.98,5
653,0.33,30.0,9.4,3.12,6
654,0.47,29.0,8.6,3.08,5
655,0.55,53.0,9.7,3.14,5
656,0.43,32.0,10.7,2.89,5
657,0.5,42.0,12.0,2.92,7
658,0.52,20.0,7.2,3.32,6
659,0.84,13.0,7.1,3.41,4
660,0.52,20.0,7.2,3.32,6
661,0.42,42.0,7.5,3.31,5
662,0.57,27.0,7.2,3.36,6
663,0.28,13.0,10.1,3.04,6
664,0.4,54.0,12.1,3.03,5
665,0.59,48.0,9.4,3.14,5
666,0.49,16.0,8.3,3.18,6
667,0.34,15.0,11.3,2.94,6
668,0.73,31.0,10.0,3.15,5
669,0.34,15.0,11.3,2.94,6
670,0.4,45.0,6.9,3.26,5
671,0.73,13.0,8.2,3.2,5
672,1.24,151.0,9.8,3.15,5
673,0.73,13.0,8.2,3.2,5
674,0.4,17.0,10.8,3.08,6
675,0.41,31.0,9.3,3.26,5
676,0.4,17.0,10.8,3.08,6
677,0.8,31.0,8.6,3.4,5
678,0.78,87.0,8.3,3.48,5
679,0.26,49.0,10.8,3.13,5
680,0.43,40.0,13.3,3.06,5
681,0.45,29.0,8.0,3.21,6
682,0.46,58.0,8.5,3.33,5
683,0.78,15.0,8.1,3.37,5
684,0.98,152.0,9.8,3.25,5
685,0.78,15.0,8.1,3.37,5
686,0.65,40.0,7.1,3.44,5
687,0.64,38.0,9.1,3.28,5
688,0.66,9.0,7.7,3.4,5
689,0.38,17.0,8.1,3.3,5
690,1.185,14.0,7.4,3.63,3
691,0.92,93.0,9.2,3.48,5
692,0.49,62.0,8.6,3.03,5
693,0.48,122.0,9.0,3.32,5
694,0.47,125.0,9.0,3.31,5
695,0.47,44.0,5.1,3.9,6
696,0.65,25.0,7.0,3.47,6
697,0.65,25.0,7.0,3.47,6
698,0.615,72.0,9.4,3.31,5
699,0.38,19.0,11.8,3.11,6
700,1.02,88.0,10.6,3.08,6
701,0.65,25.0,7.0,3.47,6
702,0.64,23.0,7.0,3.47,6
703,0.38,84.0,7.5,3.32,4
704,0.765,14.0,9.1,3.29,4
705,1.035,54.0,8.4,3.37,5
706,0.78,19.0,7.0,3.4,5
707,0.49,37.0,7.4,3.37,5
708,0.545,35.0,7.8,3.34,6
709,0.31,33.0,9.7,3.27,6
710,1.025,84.0,10.6,3.06,5
711,0.565,112.0,8.9,3.38,5
712,0.69,33.0,8.7,3.36,5
713,0.43,48.0,8.0,3.34,5
714,0.74,77.0,9.9,3.28,5
715,0.49,34.0,7.2,3.29,6
716,0.43,48.0,8.0,3.34,5
717,0.46,49.0,7.6,3.21,5
718,0.56,22.0,8.4,3.22,5
719,0.66,45.0,7.1,3.46,5
720,0.56,22.0,8.4,3.22,5
721,0.48,106.0,8.9,3.1,5
722,0.42,48.0,7.6,3.21,5
723,0.31,127.0,7.1,2.94,5
724,1.115,12.0,7.5,3.54,4
725,0.66,13.0,9.0,3.29,5
726,0.72,49.0,8.1,3.43,6
727,0.57,11.0,6.4,3.46,5
728,0.57,11.0,6.4,3.46,5
729,0.865,58.0,6.4,3.61,6
730,0.55,37.0,9.5,3.17,5
731,0.875,14.0,8.9,3.44,5
732,0.835,19.0,7.3,3.39,5
733,0.45,72.0,7.0,3.55,5
734,0.56,39.0,7.7,3.48,5
735,0.965,22.0,7.7,3.26,5
736,0.965,22.0,7.7,3.26,5
737,0.59,58.0,8.2,3.5,6
738,0.46,104.0,9.0,3.1,5
739,0.69,38.0,9.0,3.35,5
740,0.76,16.0,8.3,3.45,6
741,0.53,139.0,9.2,3.21,5
742,0.615,18.0,6.5,3.46,5
743,0.41,101.0,11.6,3.13,5
744,0.39,101.0,11.1,3.13,5
745,0.51,28.0,7.3,3.52,6
746,0.34,57.0,8.2,3.3,6
747,0.33,68.0,8.6,3.3,5
748,0.5,31.0,7.2,3.52,6
749,0.51,28.0,7.3,3.52,6
750,0.65,40.0,8.3,3.29,5
751,0.65,40.0,8.3,3.29,5
752,0.54,66.0,7.6,3.39,5
753,0.65,40.0,8.3,3.29,5
754,0.48,32.0,7.8,3.09,6
755,0.91,47.0,7.8,3.51,6
756,0.98,33.0,6.3,3.6,6
757,0.87,31.0,8.1,3.25,5
758,0.87,31.0,8.1,3.25,5
759,0.42,88.0,8.8,3.19,5
760,0.58,104.0,9.0,3.23,5
761,0.655,35.0,9.3,3.25,5
762,0.7,19.0,8.8,3.31,6
763,0.655,35.0,9.3,3.25,5
764,0.68,44.0,9.1,3.31,6
765,0.67,48.0,9.2,3.31,6
766,0.59,74.0,8.8,3.14,5
767,0.6,98.0,7.5,3.45,5
768,0.59,94.0,7.1,3.55,6
769,0.72,32.0,7.9,3.39,5
770,0.59,94.0,7.1,3.55,6
771,0.685,143.0,9.4,3.28,5
772,0.57,144.0,9.5,3.27,5
773,0.4,44.0,7.9,3.3,6
774,0.4,45.0,7.9,3.31,6
775,1.0,16.0,7.2,3.43,5
776,0.765,48.0,6.9,3.4,6
777,0.635,18.0,6.9,3.4,6
778,0.43,34.0,8.3,3.36,5
779,0.52,92.0,7.1,3.5,5
780,0.57,45.0,7.0,3.31,6
781,0.46,37.0,6.5,3.66,5
782,0.82,96.0,9.0,3.36,5
783,0.46,37.0,6.5,3.66,5
784,0.59,85.0,7.1,3.55,5
785,0.35,61.0,9.9,3.21,5
786,0.35,61.0,9.9,3.21,5
787,0.56,58.0,10.0,3.18,6
788,0.56,58.0,10.0,3.18,6
789,0.63,119.0,8.6,3.09,5
790,0.37,82.0,7.4,3.33,6
791,0.64,130.0,8.8,3.23,5
792,0.61,87.0,7.1,3.48,6
793,0.6,13.0,7.7,3.38,5
794,0.27,26.0,10.1,3.17,6
795,0.89,60.0,10.8,2.99,5
796,0.46,64.0,8.7,3.1,5
797,0.37,42.0,9.3,3.24,7
798,0.5,14.0,9.4,3.29,6
799,0.5,14.0,9.4,3.29,6
800,0.61,108.0,7.2,3.25,5
801,0.55,17.0,8.6,3.23,5
802,0.585,86.0,5.1,3.56,7
803,0.56,46.0,7.7,3.24,6
804,0.52,18.0,8.4,3.26,6
805,0.28,10.0,8.2,3.33,7
806,0.25,10.0,8.4,3.27,7
807,0.28,10.0,8.2,3.33,7
808,0.53,12.0,7.4,3.26,5
809,0.48,15.0,7.6,3.22,6
810,0.49,14.0,7.3,3.3,5
811,0.5,24.0,12.9,3.09,6
812,0.45,38.0,10.8,3.24,5
813,0.39,7.0,6.9,3.44,4
814,0.41,41.0,12.6,3.21,6
815,0.45,38.0,10.8,3.24,5
816,0.51,30.0,9.8,3.23,6
817,0.29,27.0,10.8,3.28,6
818,0.715,47.0,7.1,3.29,5
819,0.66,59.0,9.1,3.28,5
820,0.685,22.0,7.0,3.34,5
821,0.42,42.0,4.9,3.71,7
822,0.54,36.0,6.7,3.61,5
823,0.54,36.0,6.7,3.61,5
824,0.48,16.0,7.1,3.24,5
825,0.46,37.0,7.1,3.36,5
826,0.27,8.0,7.5,3.4,7
827,0.46,37.0,7.1,3.36,5
828,0.57,45.0,7.8,3.46,8
829,0.61,24.0,5.9,3.56,6
830,0.685,9.0,7.5,3.38,4
831,0.61,24.0,5.9,3.56,6
832,0.44,48.0,10.4,3.38,3
833,0.47,51.0,11.6,3.38,4
834,0.685,23.0,8.8,3.32,5
835,0.665,55.0,7.6,3.39,5
836,0.28,100.0,6.7,3.26,7
837,0.28,100.0,6.7,3.26,7
838,0.31,28.0,10.1,3.24,7
839,0.5,26.0,6.0,3.46,5
840,0.42,34.0,11.1,3.24,7
841,0.66,31.0,6.6,3.45,5
842,0.5,68.0,10.6,3.23,6
843,0.685,92.0,7.1,3.28,5
844,0.25,42.0,9.9,3.18,6
845,0.64,31.0,6.4,3.59,5
846,0.64,31.0,6.4,3.59,5
847,0.68,39.0,7.4,3.5,6
848,0.64,31.0,6.4,3.59,5
849,0.63,32.0,6.4,3.58,5
850,0.43,22.0,9.3,3.28,5
851,0.43,22.0,9.3,3.28,5
852,0.42,122.0,8.0,3.22,5
853,0.36,55.0,9.3,3.47,6
854,0.36,55.0,9.3,3.47,6
855,0.735,14.0,7.6,3.51,7
856,0.36,55.0,9.3,3.47,6
857,0.26,47.0,8.2,3.4,7
858,0.28,32.0,11.7,3.15,7
859,0.56,24.0,6.8,3.4,6
860,0.62,85.0,7.2,3.51,5
861,1.01,88.0,5.8,3.66,6
862,0.42,25.0,7.5,3.24,5
863,0.62,84.0,7.2,3.51,5
864,0.62,85.0,7.2,3.51,5
865,0.635,86.0,7.2,3.51,5
866,0.49,24.0,6.8,3.41,6
867,0.51,22.0,6.9,3.4,6
868,0.56,24.0,6.8,3.4,6
869,0.63,43.0,7.6,3.44,6
870,0.715,43.0,7.7,3.41,6
871,0.56,46.0,6.9,3.53,5
872,0.35,48.0,7.3,3.43,4
873,0.21,10.0,9.1,3.23,7
874,0.38,10.0,10.4,3.12,7
875,0.31,16.0,8.8,3.31,7
876,0.47,14.0,7.1,3.4,4
877,0.715,43.0,7.7,3.41,6
878,0.61,69.0,8.8,3.22,6
879,0.6,88.0,7.2,3.53,5
880,0.56,21.0,9.2,3.15,5
881,0.715,35.0,7.6,3.48,6
882,0.31,26.0,8.4,3.22,6
883,0.6,88.0,7.2,3.53,5
884,0.61,69.0,8.8,3.22,6
885,0.75,30.0,8.9,3.34,5
886,0.8,28.0,9.0,3.33,6
887,0.52,56.0,10.7,3.15,7
888,0.57,64.0,6.8,3.43,6
889,0.9,99.0,10.7,3.22,5
890,0.34,52.0,7.2,3.44,5
891,0.66,86.0,7.2,3.53,5
892,0.45,18.0,10.1,3.22,6
893,0.66,86.0,7.2,3.53,5
894,0.63,88.0,7.2,3.53,6
895,0.59,43.0,7.1,3.42,6
896,0.31,43.0,8.3,3.31,7
897,0.59,43.0,7.1,3.42,6
898,0.31,43.0,8.3,3.31,7
899,1.02,11.0,8.3,3.48,3
900,0.31,39.0,8.9,3.4,5
901,0.635,33.0,7.4,3.58,7
902,0.635,33.0,7.4,3.58,7
903,0.59,18.0,6.8,3.41,7
904,0.59,18.0,6.8,3.41,7
905,0.58,115.0,9.2,3.23,5
906,0.54,78.0,7.2,3.39,5
907,0.56,9.0,6.1,3.59,6
908,0.52,61.0,7.4,3.43,6
909,0.305,11.0,7.3,3.29,6
910,0.38,11.0,9.3,3.23,6
911,0.28,9.0,9.1,3.18,6
912,0.46,8.0,10.0,3.33,6
913,0.395,10.0,9.4,3.27,7
914,0.305,11.0,7.3,3.29,6
915,0.315,6.0,8.6,3.27,6
916,0.715,62.0,5.3,3.62,5
917,0.41,45.0,6.8,3.38,6
918,0.36,79.0,8.4,3.3,6
919,0.62,46.0,8.4,3.38,6
920,0.41,23.0,9.6,3.24,5
921,0.36,79.0,8.4,3.3,6
922,0.62,46.0,8.4,3.38,6
923,0.41,45.0,6.8,3.38,6
924,0.47,28.0,8.6,3.18,5
925,0.22,77.0,8.6,3.47,7
926,0.24,73.0,9.4,3.47,6
927,0.67,75.0,8.4,3.2,4
928,0.47,28.0,8.6,3.18,5
929,0.33,19.0,8.7,3.3,7
930,0.61,25.0,6.6,3.69,5
931,0.61,38.0,7.4,3.48,5
932,0.4,66.0,7.6,3.45,6
933,0.61,38.0,7.4,3.48,5
934,0.61,25.0,6.6,3.69,5
935,0.3,72.0,8.8,3.39,6
936,0.3,72.0,8.8,3.39,6
937,0.63,26.0,12.0,3.07,4
938,0.38,42.0,7.2,3.34,7
939,0.46,11.0,6.2,3.61,5
940,0.33,25.0,9.6,3.36,7
941,0.27,17.0,9.9,3.19,7
942,0.43,52.0,10.1,3.22,7
943,0.5,45.0,9.8,3.24,7
944,0.3,24.0,8.3,3.27,7
945,0.44,20.0,10.2,3.14,7
946,0.44,24.0,10.2,3.29,7
947,0.28,12.0,8.3,3.26,7
948,0.12,21.0,8.9,3.41,7
949,0.12,21.0,8.9,3.41,7
950,0.12,21.0,8.9,3.41,7
951,0.28,12.0,8.3,3.26,7
952,0.31,10.0,8.2,3.31,7
953,0.34,9.0,10.2,3.2,7
954,0.43,11.0,7.6,3.44,6
955,0.21,23.0,8.5,3.36,5
956,0.36,10.0,9.0,3.31,6
957,0.37,51.0,9.5,3.29,6
958,0.57,36.0,6.4,3.47,7
959,0.59,32.0,8.0,3.36,5
960,0.47,38.0,8.5,3.16,6
961,0.56,18.0,7.1,3.27,5
962,0.57,16.0,6.6,3.38,5
963,0.27,27.0,8.8,3.15,6
964,0.47,38.0,8.5,3.16,6
965,0.34,48.0,8.3,3.34,6
966,0.38,10.0,9.0,3.13,7
967,0.66,113.0,8.5,3.13,5
968,0.4,46.0,9.0,3.2,6
969,0.56,22.0,6.7,3.46,5
970,0.26,10.0,10.4,3.33,6
971,0.26,10.0,10.4,3.33,6
972,0.38,13.0,10.1,3.22,7
973,0.34,12.0,8.5,3.52,5
974,0.33,13.0,8.8,3.3,7
975,0.41,72.0,7.2,3.44,5
976,0.41,72.0,7.2,3.44,5
977,0.59,119.0,8.4,3.15,5
978,0.4,29.0,7.0,3.28,7
979,0.45,6.0,12.2,3.13,5
980,0.5,17.0,9.1,3.32,6
981,0.86,28.0,9.5,3.25,5
982,0.52,70.0,7.3,3.34,6
983,0.5,17.0,9.1,3.32,6
984,0.45,6.0,12.2,3.13,5
985,0.58,11.0,7.4,3.45,6
986,0.34,7.0,9.8,3.19,7
987,0.36,70.0,7.1,3.44,5
988,0.39,27.0,7.7,3.16,5
989,0.295,21.0,9.7,3.14,6
990,0.39,27.0,7.7,3.16,5
991,0.34,68.0,7.1,3.45,5
992,0.4,47.0,6.5,3.36,6
993,0.34,68.0,7.1,3.45,5
994,0.35,88.0,10.0,3.15,5
995,0.6,41.0,7.7,3.39,6
996,0.66,11.0,5.6,3.71,7
997,0.66,11.0,5.6,3.71,7
998,0.84,10.0,8.9,3.12,6
999,0.69,12.0,6.4,3.47,6
1000,0.43,12.0,7.5,3.44,7
1001,0.35,47.0,9.9,3.26,7
1002,0.29,27.0,9.1,3.26,7
1003,0.36,8.0,6.8,3.36,7
1004,0.43,45.0,8.2,3.25,5
1005,0.36,8.0,6.8,3.36,7
1006,0.29,27.0,9.1,3.26,7
1007,0.3,25.0,9.1,3.26,7
1008,0.35,24.0,8.9,3.23,7
1009,0.5,55.0,9.6,3.18,5
1010,0.28,12.0,8.9,3.25,7
1011,0.32,19.0,8.9,3.17,6
1012,1.005,32.0,7.7,3.23,5
1013,0.71,31.0,7.5,3.38,6
1014,0.58,7.0,8.0,3.22,6
1015,0.39,27.0,10.5,3.06,6
1016,0.38,28.0,8.9,3.27,7
1017,0.18,109.0,8.0,2.89,6
1018,0.18,109.0,8.0,2.89,6
1019,0.5,23.0,7.0,3.53,5
1020,0.36,8.0,11.3,3.2,6
1021,0.36,8.0,11.3,3.2,6
1022,0.51,9.0,7.0,3.35,5
1023,0.32,9.0,8.2,3.27,6
1024,0.58,18.0,7.7,3.32,7
1025,0.83,43.0,8.6,3.33,6
1026,0.31,36.0,7.9,3.41,6
1027,0.795,52.0,6.4,3.49,5
1028,0.34,68.0,7.2,3.37,6
1029,0.58,18.0,7.7,3.32,7
1030,0.59,14.0,7.1,3.42,7
1031,0.55,15.0,7.3,3.35,7
1032,0.82,14.0,8.1,3.36,5
1033,0.57,27.0,7.5,3.3,6
1034,0.745,48.0,8.9,3.2,6
1035,0.37,17.0,10.1,3.17,7
1036,0.31,35.0,7.6,3.22,7
1037,0.91,56.0,7.3,3.35,5
1038,0.41,42.0,8.7,3.24,7
1039,0.5,39.0,8.9,3.33,6
1040,0.965,32.0,7.4,3.58,5
1041,0.49,26.0,6.9,3.38,6
1042,0.5,39.0,8.9,3.33,6
1043,0.39,39.0,9.5,3.29,7
1044,0.39,53.0,6.4,3.36,6
1045,0.44,38.0,6.9,3.32,6
1046,0.78,45.0,7.6,3.31,6
1047,0.43,51.0,7.1,3.49,5
1048,0.49,14.0,9.3,3.27,6
1049,0.5,17.0,9.3,3.27,6
1050,0.43,51.0,7.1,3.49,5
1051,0.46,45.0,8.5,3.03,5
1052,0.605,25.0,5.6,3.56,5
1053,0.33,20.0,8.3,3.38,7
1054,0.64,77.0,8.2,3.13,6
1055,0.64,77.0,8.2,3.13,6
1056,0.48,10.0,8.9,3.21,7
1057,0.42,90.0,7.6,3.15,5
1058,0.53,52.0,9.9,3.19,7
1059,0.48,10.0,8.9,3.21,7
1060,0.23,8.0,11.6,3.14,6
1061,0.4,16.0,9.1,3.21,8
1062,0.38,15.0,8.0,3.3,6
1063,0.29,17.0,10.2,3.22,6
1064,0.74,10.0,8.2,3.28,6
1065,0.61,20.0,7.7,3.29,6
1066,0.52,26.0,6.6,3.4,7
1067,0.31,10.0,11.1,3.02,7
1068,0.31,10.0,11.1,3.02,7
1069,0.62,52.0,8.0,3.31,5
1070,0.33,37.0,9.3,3.18,7
1071,0.77,92.0,7.5,3.2,5
1072,0.35,75.0,7.2,3.4,6
1073,0.62,37.0,8.0,3.31,6
1074,0.77,92.0,7.5,3.2,5
1075,0.25,67.0,9.1,3.44,7
1076,0.32,8.0,9.9,3.15,6
1077,0.37,8.0,8.6,3.27,5
1078,0.37,8.0,8.6,3.27,5
1079,0.3,278.0,7.9,3.01,7
1080,0.27,8.0,10.3,3.16,6
1081,0.3,289.0,7.9,3.01,7
1082,0.38,70.0,7.2,3.42,6
1083,0.42,59.0,8.7,3.33,6
1084,0.38,70.0,7.2,3.42,6
1085,0.48,64.0,6.8,3.12,5
1086,0.34,9.0,8.5,3.38,7
1087,0.19,30.0,7.9,3.29,6
1088,0.41,41.0,11.6,3.02,7
1089,0.41,41.0,11.6,3.02,7
1090,0.26,74.0,10.0,2.98,8
1091,0.34,19.0,7.9,3.35,6
1092,0.54,16.0,7.0,3.43,6
1093,0.31,31.0,9.2,3.33,7
1094,0.725,17.0,6.6,3.35,6
1095,0.4,20.0,9.4,3.15,5
1096,0.725,17.0,6.6,3.35,6
1097,0.52,18.0,8.6,3.2,5
1098,0.31,16.0,8.0,3.15,7
1099,0.52,18.0,8.6,3.2,5
1100,0.34,36.0,8.4,3.11,6
1101,0.49,25.0,7.4,3.35,6
1102,0.48,30.0,6.1,3.45,6
1103,0.49,25.0,7.4,3.35,6
1104,0.48,25.0,8.0,3.28,6
1105,0.57,49.0,6.3,3.41,5
1106,0.23,17.0,8.2,3.21,6
1107,0.3,24.0,9.1,3.27,7
1108,0.78,13.0,8.1,3.36,5
1109,0.47,66.0,10.8,3.17,6
1110,0.53,14.0,8.3,3.25,6
1111,0.42,55.0,5.4,3.78,7
1112,0.33,35.0,7.9,3.29,6
1113,0.24,10.0,8.9,3.12,6
1114,0.4,80.0,5.0,3.49,6
1115,0.69,21.0,7.0,3.38,6
1116,0.69,21.0,7.0,3.38,6
1117,0.69,21.0,7.0,3.38,6
1118,0.39,24.0,7.1,3.3,6
1119,0.66,15.0,5.6,3.52,5
1120,0.54,17.0,7.9,3.2,8
1121,0.5,28.0,6.6,3.44,6
1122,0.47,33.0,6.3,3.45,6
1123,0.4,29.0,10.7,3.12,6
1124,0.58,13.0,6.5,3.62,4
1125,0.24,27.0,8.8,3.14,7
1126,0.29,11.0,5.8,3.39,6
1127,0.76,52.0,6.3,3.51,6
1128,0.43,89.0,10.0,3.22,5
1129,0.43,70.0,10.5,3.21,6
1130,0.6,10.0,9.1,3.18,6
1131,0.19,135.0,5.9,3.32,5
1132,0.36,38.0,7.4,3.38,7
1133,0.48,18.0,7.2,3.37,7
1134,0.28,15.0,8.5,3.3,7
1135,0.25,50.0,8.0,3.38,6
1136,0.52,13.0,10.4,3.22,6
1137,0.52,13.0,10.4,3.22,6
1138,0.41,94.0,7.5,3.14,5
1139,0.51,86.0,8.2,3.34,6
1140,0.4,79.0,7.3,3.41,6
1141,0.38,71.0,8.2,3.27,6
1142,0.45,12.0,6.9,3.3,6
1143,0.22,20.0,7.0,3.61,6
1144,0.32,70.0,7.3,3.43,5
1145,0.2,51.0,8.2,3.53,6
1146,0.5,21.0,7.8,3.28,6
1147,0.41,14.0,10.0,3.21,7
1148,0.39,21.0,7.8,3.39,6
1149,0.35,11.0,10.0,3.23,6
1150,0.33,12.0,8.2,3.3,7
1151,0.58,70.0,6.1,3.46,6
1152,0.6,38.0,8.3,3.15,5
1153,0.42,38.0,9.6,3.23,6
1154,0.58,63.0,6.6,3.59,6
1155,0.6,38.0,8.3,3.15,5
1156,0.18,88.0,8.5,3.33,7
1157,0.51,101.0,5.1,3.46,7
1158,0.41,54.0,6.7,3.42,6
1159,0.41,37.0,10.2,3.16,5
1160,0.36,20.0,10.6,3.14,7
1161,0.45,21.0,8.8,3.21,6
1162,0.32,19.0,8.5,3.14,7
1163,0.785,21.0,9.0,3.29,5
1164,0.785,21.0,9.0,3.29,5
1165,0.44,38.0,8.5,3.01,5
1166,0.54,60.0,9.9,2.94,5
1167,0.33,48.0,8.2,3.32,7
1168,0.34,44.0,6.5,3.21,6
1169,0.5,14.0,7.6,3.32,6
1170,0.36,12.0,9.2,3.2,6
1171,0.59,44.0,7.1,3.42,6
1172,0.42,16.0,9.7,3.27,6
1173,0.36,65.0,7.6,3.46,6
1174,0.36,65.0,7.6,3.46,6
1175,0.61,59.0,6.5,3.61,6
1176,0.88,47.0,6.5,3.58,4
1177,0.66,11.0,7.1,3.35,7
1178,0.915,78.0,5.6,3.68,5
1179,0.35,47.0,8.2,3.27,6
1180,0.35,47.0,8.2,3.27,6
1181,0.39,11.0,9.8,3.19,5
1182,0.4,54.0,10.2,3.38,6
1183,0.66,61.0,6.8,3.29,5
1184,0.64,119.0,6.7,3.36,5
1185,0.43,39.0,7.0,3.33,6
1186,0.8,12.0,6.6,3.52,5
1187,0.43,39.0,7.0,3.33,6
1188,0.64,119.0,6.7,3.36,5
1189,0.955,19.0,8.8,3.3,4
1190,0.4,20.0,9.1,3.28,6
1191,0.885,12.0,6.5,3.56,5
1192,0.25,41.0,7.2,3.52,7
1193,0.885,12.0,6.4,3.56,5
1194,0.745,64.0,7.0,3.22,6
1195,0.43,56.0,6.2,3.52,6
1196,0.58,94.0,7.9,3.21,6
1197,0.57,9.0,7.7,3.16,6
1198,0.26,77.0,7.7,3.15,6
1199,0.58,94.0,7.9,3.21,6
1200,0.57,9.0,7.7,3.16,6
1201,0.34,10.0,7.9,3.27,7
1202,0.42,12.0,8.6,3.35,8
1203,0.74,76.0,9.9,3.14,5
1204,0.36,44.0,7.2,3.4,7
1205,0.36,44.0,7.2,3.4,7
1206,0.36,44.0,7.2,3.4,7
1207,0.72,52.0,9.9,3.35,5
1208,0.36,44.0,7.2,3.4,7
1209,0.39,24.0,6.2,3.45,7
1210,0.65,15.0,6.8,3.35,6
1211,0.44,53.0,6.6,3.32,5
1212,0.65,15.0,6.8,3.35,6
1213,0.38,13.0,9.6,3.15,6
1214,0.33,9.0,10.2,3.1,6
1215,0.27,29.0,8.8,3.26,6
1216,0.57,79.0,7.9,3.29,6
1217,0.34,74.0,8.2,3.23,6
1218,0.4,24.0,8.2,3.24,6
1219,0.39,50.0,9.0,3.2,6
1220,0.32,44.0,10.9,3.28,6
1221,0.32,44.0,10.9,3.28,6
1222,0.53,89.0,8.1,3.26,6
1223,0.36,23.0,10.5,3.23,6
1224,0.39,20.0,12.6,3.07,6
1225,0.46,77.0,9.2,3.15,5
1226,0.58,46.0,7.5,3.02,5
1227,0.58,21.0,9.0,3.27,5
1228,0.42,88.0,5.1,3.68,7
1229,0.43,66.0,7.6,3.4,5
1230,0.18,58.0,7.7,3.37,6
1231,0.815,90.0,7.8,3.38,5
1232,0.43,66.0,7.6,3.4,5
1233,0.23,36.0,10.2,3.23,4
1234,0.75,18.0,7.1,3.39,6
1235,0.33,113.0,6.0,3.3,4
1236,0.55,17.0,7.8,3.26,6
1237,0.75,18.0,7.1,3.39,6
1238,0.73,24.0,8.1,3.38,4
1239,0.67,20.0,6.5,3.45,4
1240,0.61,60.0,7.5,3.1,5
1241,0.37,65.0,9.8,3.16,5
1242,0.4,40.0,9.0,3.22,6
1243,0.56,86.0,8.3,3.37,5
1244,0.29,160.0,5.9,3.33,6
1245,0.55,34.0,7.4,3.49,5
1246,0.74,48.0,7.4,3.12,5
1247,0.55,34.0,7.4,3.49,5
1248,0.41,36.0,6.9,3.41,6
1249,0.6,37.0,7.1,3.4,6
1250,0.6,37.0,7.1,3.4,6
1251,0.58,60.0,7.5,3.28,5
1252,0.72,14.0,7.1,3.45,5
1253,0.66,13.0,7.9,3.43,5
1254,0.7,35.0,7.8,3.4,5
1255,0.64,46.0,6.1,3.47,5
1256,0.59,60.0,7.5,3.1,5
1257,0.58,69.0,7.0,3.32,6
1258,0.64,33.0,6.8,3.44,6
1259,0.64,33.0,6.8,3.44,6
1260,0.635,56.0,8.6,3.02,5
1261,1.02,24.0,6.3,3.59,4
1262,0.45,66.0,9.8,3.15,5
1263,0.78,26.0,8.2,3.37,4
1264,0.37,51.0,8.5,3.38,6
1265,0.57,36.0,7.2,3.38,6
1266,0.57,36.0,7.2,3.38,6
1267,0.43,19.0,10.4,3.1,6
1268,0.41,51.0,6.9,3.47,6
1269,0.49,87.0,5.5,3.5,8
1270,0.38,60.0,5.0,3.7,6
1271,0.44,64.0,7.3,3.38,6
1272,0.46,44.0,5.9,3.5,5
1273,0.58,44.0,7.5,3.1,5
1274,0.58,36.0,7.8,3.24,6
1275,0.715,81.0,8.0,3.24,6
1276,0.4,10.0,8.5,3.28,4
1277,0.69,10.0,7.0,3.35,6
1278,0.715,81.0,8.0,3.24,6
1279,0.3,9.0,9.8,3.14,7
1280,0.46,54.0,7.1,3.37,6
1281,0.46,54.0,7.1,3.37,6
1282,0.765,22.0,7.9,3.33,6
1283,0.63,69.0,8.7,3.26,6
1284,0.42,36.0,7.0,3.39,5
1285,0.37,47.0,11.3,3.15,5
1286,0.16,31.0,7.1,3.35,6
1287,0.6,7.0,8.0,3.22,5
1288,0.6,110.0,7.0,3.3,5
1289,0.6,110.0,7.0,3.3,5
1290,0.74,12.0,7.6,3.36,5
1291,0.635,60.0,8.2,3.29,6
1292,0.395,28.0,5.9,3.62,6
1293,0.755,12.0,7.5,3.34,4
1294,0.635,60.0,8.2,3.29,6
1295,0.63,77.5,6.6,3.2,5
1296,0.63,77.5,6.6,3.2,5
1297,0.53,29.0,7.2,3.35,6
1298,0.6,18.0,5.7,3.45,6
1299,1.58,9.0,7.6,3.5,3
1300,0.645,28.0,5.2,3.78,6
1301,0.86,57.0,6.7,3.6,6
1302,0.37,15.0,9.1,3.3,6
1303,0.28,68.0,8.0,3.36,5
1304,0.79,68.0,7.6,3.12,5
1305,0.61,88.0,7.5,3.3,5
1306,0.69,91.0,9.7,3.29,5
1307,0.68,29.0,6.8,3.41,4
1308,0.69,91.0,9.7,3.29,5
1309,0.62,63.0,7.0,3.28,5
1310,0.61,88.0,7.5,3.3,5
1311,0.51,27.0,6.5,3.33,6
1312,1.18,41.0,8.0,3.34,5
1313,0.36,65.0,7.0,3.4,6
1314,0.36,69.0,7.0,3.4,6
1315,0.63,91.0,7.5,3.26,6
1316,0.74,46.0,5.4,4.01,6
1317,0.44,41.0,9.9,3.18,6
1318,0.63,91.0,7.5,3.26,6
1319,0.76,64.0,9.1,2.9,6
1320,0.66,88.0,9.7,3.26,5
1321,0.74,46.0,5.0,4.01,6
1322,0.34,18.0,9.1,3.18,5
1323,0.36,55.0,9.1,3.18,7
1324,0.46,34.0,6.7,3.39,6
1325,0.46,34.0,6.7,3.39,6
1326,0.46,34.0,6.7,3.39,6
1327,0.46,34.0,6.7,3.39,6
1328,0.52,38.0,6.5,3.34,5
1329,0.6,91.0,7.4,3.29,6
1330,0.6,91.0,7.4,3.29,6
1331,0.87,67.0,7.8,3.26,5
1332,0.39,25.0,8.4,3.09,6
1333,0.775,48.0,9.1,3.18,5
1334,0.835,11.0,7.2,3.39,5
1335,0.58,40.0,6.6,3.38,6
1336,0.5,26.0,6.0,3.36,5
1337,0.5,26.0,6.0,3.36,5
1338,0.5,26.0,6.0,3.36,5
1339,0.51,31.0,7.5,3.36,6
1340,0.51,31.0,7.5,3.36,6
1341,0.51,31.0,7.5,3.36,6
1342,0.54,31.0,7.6,3.37,6
1343,0.51,31.0,7.5,3.36,6
1344,0.42,20.0,11.5,3.09,5
1345,0.44,28.0,8.2,3.25,6
1346,0.59,13.0,6.1,3.52,5
1347,0.655,12.0,7.2,3.34,5
1348,0.655,12.0,7.2,3.34,5
1349,0.57,41.0,6.9,3.41,5
1350,0.6,73.0,9.0,3.34,5
1351,0.62,46.0,7.2,3.32,6
1352,0.645,57.0,7.6,3.37,5
1353,0.645,57.0,7.6,3.37,5
1354,0.58,28.0,7.2,3.35,5
1355,0.32,32.0,6.1,3.36,5
1356,0.34,28.0,6.1,3.36,5
1357,0.43,67.0,7.3,3.6,6
1358,0.64,98.0,7.4,3.28,5
1359,0.475,28.0,11.6,3.07,6
1360,0.54,38.0,9.2,3.24,5
1361,0.85,54.0,8.3,3.36,5
1362,0.475,28.0,11.6,3.07,6
1363,0.83,63.0,8.0,3.29,4
1364,0.605,31.0,7.2,3.46,6
1365,0.5,42.0,7.8,3.18,5
1366,0.74,45.0,7.3,3.24,5
1367,0.54,105.0,6.9,3.25,6
1368,0.77,74.0,8.0,3.27,6
1369,0.61,8.0,6.6,3.33,4
1370,0.78,66.0,8.7,3.0,5
1371,0.58,14.0,7.5,3.21,6
1372,0.78,66.0,8.7,3.0,5
1373,0.75,89.0,7.7,3.24,5
1374,0.815,29.0,6.8,3.32,3
1375,0.56,100.0,7.2,3.26,5
1376,0.885,31.0,8.2,3.11,5
1377,0.49,74.0,5.2,3.71,6
1378,0.45,28.0,7.2,3.29,6
1379,0.57,35.0,7.5,3.36,6
1380,0.57,35.0,7.5,3.36,6
1381,0.83,25.0,6.8,3.38,5
1382,0.6,105.0,8.0,3.3,5
1383,0.6,105.0,8.0,3.3,5
1384,0.755,84.0,7.1,3.19,5
1385,0.81,85.0,8.0,3.19,5
1386,0.64,23.0,7.4,3.3,5
1387,0.64,23.0,7.4,3.3,5
1388,0.64,49.0,6.6,3.35,5
1389,0.48,111.0,6.7,3.1,5
1390,0.49,33.0,6.0,3.58,6
1391,0.64,33.0,8.0,3.37,5
1392,0.62,12.0,7.1,3.17,5
1393,0.52,59.0,8.0,3.3,5
1394,0.57,73.0,6.4,3.32,5
1395,0.685,12.0,8.6,3.31,6
1396,0.675,11.0,8.7,3.31,5
1397,0.59,104.0,7.3,3.28,5
1398,0.6,28.0,7.0,3.52,7
1399,0.67,24.0,7.2,3.42,6
1400,0.69,141.0,7.9,3.25,5
1401,0.69,141.0,7.9,3.25,5
1402,0.3,24.0,7.6,3.44,6
1403,0.33,13.0,7.2,3.23,8
1404,0.5,46.0,8.0,3.43,6
1405,0.28,34.0,7.7,3.28,7
1406,0.24,22.0,8.2,3.22,6
1407,0.51,54.0,6.0,3.54,6
1408,0.29,53.0,8.1,3.27,7
1409,0.51,54.0,6.0,3.54,6
1410,0.96,16.0,6.6,3.5,6
1411,0.47,19.0,6.4,3.56,6
1412,0.24,22.0,8.2,3.22,6
1413,0.57,89.0,9.9,3.04,5
1414,0.32,15.0,10.0,3.2,5
1415,0.58,18.0,6.2,3.56,5
1416,0.32,15.0,10.0,3.2,5
1417,0.34,37.0,7.3,3.35,7
1418,0.53,19.0,7.8,3.16,5
1419,0.64,133.0,7.7,3.27,5
1420,0.53,19.0,7.8,3.16,5
1421,0.4,58.0,7.5,3.34,5
1422,0.54,55.0,7.0,3.39,6
1423,0.53,31.0,6.4,3.5,4
1424,0.26,23.0,8.3,3.26,6
1425,0.26,23.0,8.3,3.26,6
1426,0.23,60.0,7.7,3.41,6
1427,0.41,23.0,7.6,3.3,5
1428,0.64,55.0,7.8,3.31,5
1429,0.18,67.0,7.9,3.33,5
1430,0.41,47.0,7.4,3.37,5
1431,0.43,74.0,7.6,3.26,6
1432,0.44,11.0,5.9,3.48,6
1433,0.4,25.0,6.1,3.42,7
1434,0.54,95.0,10.2,3.18,6
1435,0.54,95.0,10.2,3.18,6
1436,0.38,90.0,10.0,3.15,5
1437,0.915,39.0,6.8,3.53,5
1438,0.59,8.0,7.0,3.41,5
1439,0.67,92.0,7.3,3.32,6
1440,0.37,28.0,7.2,3.23,7
1441,0.785,98.0,7.4,3.16,6
1442,0.63,30.0,6.9,3.4,5
1443,0.58,22.0,6.9,3.38,5
1444,0.67,92.0,7.3,3.32,6
1445,0.785,98.0,7.4,3.16,6
1446,0.63,30.0,6.9,3.4,5
1447,0.67,39.0,6.8,3.4,5
1448,0.58,54.0,6.9,3.4,5
1449,0.38,29.0,7.2,3.23,8
1450,0.37,28.0,7.2,3.23,7
1451,0.32,17.0,7.8,3.33,7
1452,0.58,53.0,6.6,3.35,7
1453,0.49,85.0,7.6,3.41,5
1454,0.45,23.0,11.7,3.21,6
1455,0.9,17.0,6.5,3.5,6
1456,0.54,89.0,6.0,3.3,6
1457,0.49,85.0,7.6,3.41,5
1458,0.29,20.0,8.4,3.39,5
1459,0.2,15.0,7.9,3.32,7
1460,0.42,64.0,6.4,3.41,6
1461,0.785,13.0,6.2,3.59,4
1462,0.64,31.0,6.8,3.36,6
1463,0.63,39.0,6.9,3.34,6
1464,0.59,53.0,6.8,3.41,5
1465,0.59,53.0,6.8,3.41,5
1466,0.48,54.0,7.3,3.3,7
1467,1.04,32.0,6.7,3.52,4
1468,0.48,54.0,7.3,3.3,7
1469,0.98,49.0,7.3,3.31,3
1470,0.69,24.0,10.0,2.88,5
1471,0.7,16.0,6.7,3.43,5
1472,0.35,44.0,7.6,3.38,6
1473,0.6,45.0,6.1,3.38,5
1474,0.5,82.0,9.9,3.16,5
1475,0.47,89.0,5.3,3.54,7
1476,0.5,82.0,9.9,3.16,5
1477,0.47,89.0,5.3,3.54,7
1478,0.875,14.0,7.1,3.4,3
1479,0.28,22.0,8.2,3.39,5
1480,0.62,13.0,5.6,3.66,4
1481,0.28,22.0,8.2,3.39,5
1482,0.58,9.0,7.2,3.33,4
1483,0.33,12.0,8.1,3.35,5
1484,0.91,11.0,6.8,3.53,4
1485,0.655,25.0,7.0,3.37,5
1486,0.68,23.0,6.8,3.38,5
1487,0.64,17.0,6.0,3.52,5
1488,0.54,13.0,5.6,3.72,5
1489,0.57,11.0,6.2,3.44,6
1490,0.22,18.0,7.1,3.39,6
1491,0.54,13.0,5.6,3.72,5
1492,0.65,18.0,6.2,3.57,5
1493,0.54,147.0,7.7,3.26,5
1494,0.31,28.0,6.4,3.42,7
1495,0.43,28.0,7.0,3.35,6
1496,0.54,147.0,7.7,3.26,5
1497,0.74,16.0,6.9,3.45,6
1498,0.895,13.0,6.6,3.53,6
1499,0.74,16.0,6.9,3.45,6
1500,0.725,15.0,7.5,3.26,5
1501,0.82,64.0,7.8,3.16,5
1502,0.585,60.0,7.3,3.31,5
1503,0.44,14.0,6.2,3.51,6
1504,0.38,12.0,7.5,3.36,6
1505,0.76,12.0,6.7,3.55,3
1506,0.81,14.0,6.8,3.51,6
1507,0.38,12.0,7.5,3.36,6
1508,0.27,25.0,7.1,3.38,6
1509,0.18,20.0,7.9,3.28,5
1510,0.36,48.0,6.4,3.47,6
1511,0.69,27.0,7.1,3.44,5
1512,0.79,17.0,6.4,3.53,6
1513,0.56,65.0,6.4,3.33,6
1514,0.84,65.0,6.9,3.53,6
1515,0.84,65.0,6.9,3.53,6
1516,0.32,58.0,6.1,3.42,5
1517,0.53,44.0,6.5,3.38,6
1518,0.47,20.0,7.4,3.32,5
1519,0.7,27.0,6.6,3.44,5
1520,0.53,44.0,6.5,3.38,6
1521,0.48,23.0,6.9,3.39,4
1522,0.32,58.0,6.1,3.42,5
1523,0.48,61.0,6.8,3.34,5
1524,0.42,47.0,6.0,3.39,6
1525,0.48,34.0,6.7,3.33,5
1526,0.47,38.0,6.8,3.3,6
1527,0.53,24.0,7.1,3.29,6
1528,0.29,59.0,7.9,3.31,6
1529,0.69,52.0,7.1,3.42,6
1530,0.44,18.0,6.6,3.42,6
1531,0.705,28.0,6.1,3.6,5
1532,0.53,22.0,7.2,3.21,6
1533,0.39,84.0,8.0,3.39,5
1534,0.56,29.0,6.6,3.42,7
1535,0.55,35.0,7.0,3.36,6
1536,0.53,45.0,6.1,3.6,6
1537,0.58,31.0,5.4,3.5,6
1538,0.64,26.0,6.2,3.57,5
1539,0.39,60.0,7.2,3.46,5
1540,0.52,32.0,6.2,3.56,6
1541,0.25,49.0,7.4,3.4,7
1542,0.855,38.0,6.7,3.3,6
1543,0.44,19.0,11.1,3.25,6
1544,0.37,19.0,8.4,3.17,7
1545,0.63,28.0,6.5,3.36,6
1546,0.57,26.0,7.0,3.36,5
1547,0.6,26.0,6.3,3.55,5
1548,0.4,50.0,11.2,3.1,5
1549,0.36,24.0,7.4,3.24,8
1550,0.68,26.0,7.1,3.45,5
1551,0.67,27.0,7.1,3.44,5
1552,0.68,54.0,6.3,3.51,6
1553,0.735,28.0,7.3,3.41,5
1554,0.855,23.0,6.6,3.54,6
1555,0.56,24.0,7.0,3.44,7
1556,0.88,20.0,6.6,3.53,5
1557,0.855,23.0,6.6,3.54,6
1558,0.63,115.0,6.9,3.22,5
1559,0.6,131.0,7.8,3.21,5
1560,0.6,131.0,7.8,3.21,5
1561,0.6,131.0,7.8,3.21,5
1562,0.695,20.0,7.2,3.29,5
1563,0.695,20.0,7.2,3.29,5
1564,0.695,20.0,7.2,3.29,5
1565,0.67,42.0,6.7,3.39,6
1566,0.16,52.0,6.7,3.34,6
1567,0.695,20.0,7.2,3.29,5
1568,0.56,42.0,7.0,3.34,5
1569,0.51,34.0,6.2,3.48,6
1570,0.36,35.0,6.4,3.37,6
1571,0.38,25.0,6.4,3.44,6
1572,0.69,104.0,7.3,3.33,5
1573,0.58,50.0,6.0,3.58,6
1574,0.31,92.0,5.6,3.39,6
1575,0.52,20.0,7.5,3.26,6
1576,0.3,29.0,8.0,3.3,6
1577,0.7,27.0,6.2,3.54,6
1578,0.67,20.0,6.8,3.42,6
1579,0.56,32.0,6.2,3.54,5
1580,0.35,26.0,7.4,3.36,6
1581,0.56,32.0,6.2,3.54,5
1582,0.715,27.0,6.1,3.57,5
1583,0.46,98.0,6.2,3.33,5
1584,0.32,34.0,6.7,3.29,7
1585,0.39,48.0,7.2,3.3,6
1586,0.31,60.0,7.5,3.34,6
1587,0.61,28.0,5.8,3.55,6
1588,0.66,102.0,7.2,3.27,6
1589,0.725,79.0,6.6,3.29,5
1590,0.55,35.0,6.3,3.32,6
1591,0.74,26.0,5.4,3.67,6
1592,0.51,40.0,6.3,3.42,6
1593,0.62,38.0,6.8,3.42,6
1594,0.6,44.0,6.2,3.45,5
1595,0.55,51.0,5.9,3.52,6
1596,0.51,40.0,6.3,3.42,6
1597,0.645,44.0,5.9,3.57,5
1598,0.31,42.0,6.0,3.39,6
